Error detected!Door Closed and Obstacle Detection;1540917890990
Error detected!Door Closed and Obstacle Detection;1540917890990
Error detected!DoorNOTClosed and Traction ON2;1540917890990
Error detected!DoorNOTClosed and Traction ON1;1540917890990
Error detected!DoorNOTClosed and Traction ON3;1540917890990
Error detected!Door Closed and Obstacle Detection;1540917890990
Error detected!DoorNOTClosed and Traction ON2;1540917890990
Error detected!Traction on and Obstacle detected;1540917890990
Error detected!Door Closed and Obstacle Detection;1540917890990
Error detected!DoorNOTClosed and Traction ON2;1540917890990
Error detected!DoorNOTClosed and Traction ON2;1540917890990
Error detected!Door Closed and Obstacle Detection;1540917890990
Error detected!DoorNOTClosed and Traction ON2;1540917890990
Error detected!DoorNOTClosed and Traction ON2;1540917890990
Error detected!Door Closed and Obstacle Detection;1540917890990
Error detected!Door Closed and Obstacle Detection;1540917890990
Error detected!Door Closed and Obstacle Detection;1540917890990
Error detected!DoorNOTClosed and Traction ON2;1540917890990
Error detected!Traction on and Obstacle detected;1540917890990
Error detected!Door Closed and Obstacle Detection;1540917890990
Error detected!DoorNOTClosed and Traction ON1;1540917890990
Error detected!DoorNOTClosed and Traction ON3;1540917890990
Error detected!DoorNOTClosed and Traction ON2;1540917890990
Error detected!DoorNOTClosed and Traction ON2;1540917890990
Error detected!DoorNOTClosed and Traction ON2;1540917890990
Error detected!Traction on and Obstacle detected;1540917890990
Error detected!Door Closed and Obstacle Detection;1540917890990
Error detected!Door Closed and Obstacle Detection;1540917890990
Error detected!Door Closed and Obstacle Detection;1540917890990
Error detected!DoorNOTClosed and Traction ON1;1540917890990
Error detected!DoorNOTClosed and Traction ON3;1540917890990
Error detected!Door Closed and Obstacle Detection;1540917890990
Error detected!DoorNOTClosed and Traction ON1;1540917890990
Error detected!DoorNOTClosed and Traction ON3;1540917890990
Error detected!DoorNOTClosed and Traction ON1;1540917890990
Error detected!DoorNOTClosed and Traction ON3;1540917890990
Error detected!DoorNOTClosed and Traction ON1;1540917890990
Error detected!DoorNOTClosed and Traction ON3;1540917890990
Error detected!DoorNOTClosed and Traction ON2;1540917890990
Error detected!Door Closed and Obstacle Detection;1540917890990
Error detected!Door Closed and Obstacle Detection;1540917890990
Error detected!DoorNOTClosed and Traction ON1;1540917890990
Error detected!DoorNOTClosed and Traction ON3;1540917890990
Error detected!DoorNOTClosed and Traction ON1;1540917890990
Error detected!DoorNOTClosed and Traction ON3;1540917890990
Error detected!Door Closed and Obstacle Detection;1540917890990
Error detected!Traction on and Obstacle detected;1540917890990
Error detected!Door Closed and Obstacle Detection;1540917890990
Error detected!DoorNOTClosed and Traction ON2;1540917890990
Error detected!Door Closed and Obstacle Detection;1540917890990
Error detected!Door Closed and Obstacle Detection;1540917890990
Error detected!DoorNOTClosed and Traction ON1;1540917890990
Error detected!DoorNOTClosed and Traction ON3;1540917890990
Error detected!DoorNOTClosed and Traction ON2;1540917890990
Error detected!Door Closed and Obstacle Detection;1540917890990
Error detected!DoorNOTClosed and Traction ON2;1540917890990
Error detected!DoorNOTClosed and Traction ON2;1540917890990
Error detected!Door Closed and Obstacle Detection;1540917890990
Error detected!DoorNOTClosed and Traction ON2;1540917890990
Error detected!Door Closed and Obstacle Detection;1540917890990
Error detected!DoorNOTClosed and Traction ON2;1540917890990
Error detected!Door Closed and Obstacle Detection;1540917890990
Error detected!Door Closed and Obstacle Detection;1540917890990
Error detected!DoorNOTClosed and Traction ON2;1540917890990
Error detected!DoorNOTClosed and Traction ON2;1540917890990
Error detected!DoorNOTClosed and Traction ON2;1540917890990
Error detected!Door Closed and Obstacle Detection;1540917890990
Error detected!Door Closed and Obstacle Detection;1540917890990
Error detected!Traction on and Obstacle detected;1540917890990
Error detected!Door Closed and Obstacle Detection;1540917890990
Error detected!Door Closed and Obstacle Detection;1540917890990
Error detected!DoorNOTClosed and Traction ON2;1540917890990
Error detected!DoorNOTClosed and Traction ON2;1540917890990
Error detected!Traction on and Obstacle detected;1540917890990
Error detected!Door Closed and Obstacle Detection;1540917890990
Error detected!DoorNOTClosed and Traction ON2;1540917890990
Error detected!DoorNOTClosed and Traction ON2;1540917890990
Error detected!Traction on and Obstacle detected;1540917890990
Error detected!Door Closed and Obstacle Detection;1540917890990
Error detected!Door Closed and Obstacle Detection;1540917890990
Error detected!Traction on and Obstacle detected;1540917890990
Error detected!Door Closed and Obstacle Detection;1540917890990
Error detected!DoorNOTClosed and Traction ON1;1540917890990
Error detected!DoorNOTClosed and Traction ON3;1540917890990
Error detected!DoorNOTClosed and Traction ON2;1540917890990
Error detected!Traction on and Obstacle detected;1540917890990
Error detected!Door Closed and Obstacle Detection;1540917890990
Error detected!Door Closed and Obstacle Detection;1540917890990
Error detected!Door Closed and Obstacle Detection;1540917890990
Error detected!Traction on and Obstacle detected;1540917890990
Error detected!Door Closed and Obstacle Detection;1540917890990
Error detected!DoorNOTClosed and Traction ON1;1540917890990
Error detected!DoorNOTClosed and Traction ON3;1540917890990
Error detected!Traction on and Obstacle detected;1540917890990
Error detected!Door Closed and Obstacle Detection;1540917890990
Error detected!Door Closed and Obstacle Detection;1540917890990
Error detected!Traction on and Obstacle detected;1540917890990
Error detected!Door Closed and Obstacle Detection;1540917890990
Error detected!Traction on and Obstacle detected;1540917890990
Error detected!Door Closed and Obstacle Detection;1540917890990
Error detected!DoorNOTClosed and Traction ON1;1540917890990
Error detected!DoorNOTClosed and Traction ON3;1540917890990
Error detected!Traction on and Obstacle detected;1540917890990
Error detected!Door Closed and Obstacle Detection;1540917890990
Error detected!Door Closed and Obstacle Detection;1540917890990
Error detected!DoorNOTClosed and Traction ON1;1540917890990
Error detected!DoorNOTClosed and Traction ON3;1540917890990
Error detected!DoorNOTClosed and Traction ON2;1540917890990
Error detected!Door Closed and Obstacle Detection;1540917890990
Error detected!Door Closed and Obstacle Detection;1540917890990
Error detected!DoorNOTClosed and Traction ON2;1540917890990
Error detected!Door Closed and Obstacle Detection;1540917890990
Error detected!DoorNOTClosed and Traction ON2;1540917890990
